student_id,S_пос,S_пос_взв,S_опр,S_опр_взв,S_док,S_док_взв,S_лаб,S_лаб_взв,ЛР_сдано,ЛР_всего,Рейтинг_сумма,Проект_raw,Проект,Бонус_проект,Рейтинг_итог,Блок,Причина_блока,Зачёт
1.0,100.0,15.0,0.0,0.0,0.0,0.0,-22.73,-13.64,2,11,1.36,nan,НЕТ,0,0.0,ДА,не сданы все ЛР; S_лаб=-22.73 < 50,НЕТ
2.0,100.0,15.0,0.0,0.0,0.0,0.0,-36.36,-21.82,1,11,-6.82,nan,НЕТ,0,0.0,ДА,не сданы все ЛР; S_лаб=-36.36 < 50,НЕТ
3.0,100.0,15.0,0.0,0.0,0.0,0.0,-22.73,-13.64,2,11,1.36,nan,НЕТ,0,0.0,ДА,не сданы все ЛР; S_лаб=-22.73 < 50,НЕТ
4.0,100.0,15.0,0.0,0.0,0.0,0.0,-22.73,-13.64,2,11,1.36,nan,НЕТ,0,0.0,ДА,не сданы все ЛР; S_лаб=-22.73 < 50,НЕТ
5.0,100.0,15.0,0.0,0.0,5.88,0.88,-22.73,-13.64,2,11,2.25,nan,НЕТ,0,0.0,ДА,не сданы все ЛР; S_лаб=-22.73 < 50,НЕТ
6.0,94.12,14.12,0.0,0.0,0.0,0.0,-36.36,-21.82,1,11,-7.7,nan,НЕТ,0,0.0,ДА,не сданы все ЛР; S_лаб=-36.36 < 50,НЕТ
7.0,100.0,15.0,0.0,0.0,0.0,0.0,-22.73,-13.64,2,11,1.36,nan,НЕТ,0,0.0,ДА,не сданы все ЛР; S_лаб=-22.73 < 50,НЕТ
8.0,100.0,15.0,0.0,0.0,0.0,0.0,-36.36,-21.82,1,11,-6.82,nan,НЕТ,0,0.0,ДА,не сданы все ЛР; S_лаб=-36.36 < 50,НЕТ
9.0,91.18,13.68,0.0,0.0,0.0,0.0,-50.0,-30.0,0,11,-16.32,nan,НЕТ,0,0.0,ДА,не сданы все ЛР; S_лаб=-50.00 < 50,НЕТ
,0.0,0.0,0.0,0.0,0.0,0.0,-50.0,-30.0,0,11,-30.0,nan,НЕТ,0,0.0,ДА,не сданы все ЛР; S_лаб=-50.00 < 50,НЕТ
